Primary Genre,Year
thriller,2018
thriller,2018
Action,2018
thriller,2018
comedy,2017
Action,2018
Drama,2018
Action,2018
Drama,2018
comedy,2018
Comedy,2018
Drama,2018
Drama,2016
drama,2017
Drama,2018
Drama,2018
Animation,2018
Drama,2018
drama,2017
Drama,2018
drama,2017
Drama,2018
Drama,2018
Drama,2018
Comedy,2018
Drama,2018
animation,2017
horror,2009
thriller,2018
horror,2015
Adventure,2019
action,2015
horror,2012
romance,2008
horror,2010
horror,2017
horror,2011
horror,2014
horror,2010
horror,2012
comedy,2010
thriller,2013
horror,2011
drama,2014
horror,2017
comedy,2007
Horror,2016
sci-fi,2013
Drama,2016
horror,2012
biography,2010
thriller,2018
horror,2012
comedy,2015
drama,2014
Horror,2018
thriller,2010
drama,2008
Horror,2013
comedy,2012
horror,2017
comedy,2008
drama,2015
action,2014
horror,2017
horror,2017
Horror,2018
horror,2015
thriller,2019
horror,2015
thriller,2014
Drama,2013
Drama,2018
Action,2019
comedy,2008
Horror,2018
Horror,2018
Biography,2013
sci-fi,2017
biography,2014
animation,2015
Horror,2016
comedy,2014
Drama,2018
romance,2015
adventure,2009
sci-fi,2019
horror,2007
drama,2008
comedy,2012
Horror,2019
Action,2016
Horror,2016
comedy,2009
animation,2017
thriller,2015
Adventure,2013
Drama,2019
action,2014
action,2009
Action,2019
Drama,2018
Drama,2018
Horror,2016
thriller,2015
Adventure,2016
action,2014
comedy,2015
comedy,2012
drama,2014
sci-fi,2015
romance,2007
romance,2017
Biography,2013
comedy,2012
horror,2015
Drama,2019
Drama,2018
Horror,2019
Drama,2019
biography,2009
fantasy,2008
sci-fi,2012
horror,2008
comedy,2012
Drama,2016
sci-fi,2015
adventure,2010
Horror,2018
Drama,2013
Comedy,2013
horror,2017
action,2014
animation,2009
comedy,2015
Drama,2018
horror,2013
Horror,2018
thriller,2010
Comedy,2019
thriller,2018
Biography,2013
comedy,2010
comedy,2008
animation,2012
action,2014
horror,2008
Comedy,2016
action,2009
Comedy,2016
Horror,2016
action,2010
Comedy,2016
Drama,2019
comedy,2017
adventure,2012
Horror,2016
comedy,2010
romance,2008
comedy,2015
action,2010
Action,2018
Action,2013
comedy,2007
thriller,2018
drama,2014
action,2012
Drama,2013
drama,2008
Comedy,2016
horror,2015
comedy,2009
action,2014
biography,2014
horror,2017
horror,2017
animation,2008
romance,2009
Horror,2016
animation,2017
action,2015
Horror,2018
comedy,2008
fantasy,2017
animation,2010
comedy,2009
Action,2019
drama,2011
action,2014
sci-fi,2017
horror,2015
adventure,2010
Horror,2019
Action,2018
Romance,2018
Comedy,2019
horror,2012
drama,2015
adventure,2008
Drama,2019
Comedy,2016
Comedy,2013
comedy,2017
sci-fi,2013
musical,2012
comedy,2008
thriller,2016
horror,2009
thriller,2018
Action,2016
sci-fi,2013
comedy,2009
drama,2015
sci-fi,2019
drama,2015
drama,2014
Action,2019
action,2009
animation,2007
action,2009
Adventure,2018
adventure,2007
Comedy,2018
Drama,2016
sci-fi,2011
romance,2017
drama,2010
adventure,2012
action,2012
crime,2012
drama,2017
Comedy,2018
action,2008
Action,2019
Adventure,2016
comedy,2009
horror,2010
Horror,2019
Drama,2018
family,2007
horror,2015
action,2010
action,2017
Action,2018
Action,2013
comedy,2012
Animation,2018
adventure,2010
romance,2007
action,2014
comedy,2015
drama,2017
comedy,2011
Action,2018
Drama,2016
romance,2012
Comedy,2019
action,2008
crime,2007
Horror,2016
fantasy,2012
Adventure,2019
Action,2018
comedy,2011
action,2017
Drama,2013
horror,2010
comedy,2008
horror,2009
comedy,2017
drama,2017
action,2014
horror,2012
Action,2013
drama,2017
drama,2014
romance,2008
action,2014
comedy,2011
thriller,2012
horror,2008
Horror,2019
drama,2007
Biography,2013
action,2017
action,2012
Adventure,2019
drama,2017
animation,2009
comedy,2015
action,2009
drama,2014
Drama,2019
Adventure,2018
Adventure,2019
thriller,2013
drama,2014
Adventure,2018
fantasy,2015
Drama,2016
Adventure,2018
Drama,2015
action,2015
Comedy,2019
Comedy,2019
action,2012
Adventure,2016
action,2017
Horror,2019
comedy,2011
Horror,2019
action,2008
Drama,2013
drama,2015
Comedy,2013
comedy,2009
drama,2007
action,2008
Adventure,2019
Adventure,2019
Action,2013
comedy,2008
animation,2010
romance,2010
horror,2011
thriller,2013
romance,2016
action,2017
thriller,2012
action,2014
Comedy,2018
biography,2010
biography,2012
comedy,2015
action,2010
animation,2012
family,2007
Horror,2019
adventure,2010
Adventure,2016
comedy,2015
romance,2007
thriller,2017
adventure,2012
adventure,2012
comedy,2014
comedy,2010
action,2017
comedy,2014
action,2011
Drama,2016
animation,2007
animation,2012
Comedy,2013
Drama,2018
action,2017
Comedy,2016
action,2010
Action,2013
comedy,2014
Horror,2018
thriller,2015
action,2015
Drama,2019
Adventure,2019
adventure,2014
drama,2017
animation,2015
horror,2009
comedy,2015
Comedy,2013
action,2012
comedy,2012
Adventure,2016
Adventure,2013
horror,2009
sci-fi,2009
drama,2008
sci-fi,2007
comedy,2012
thriller,2013
Drama,2018
animation,2015
Musical,2018
horror,2009
thriller,2018
action,2017
Drama,2013
Action,2016
romance,2010
adventure,2009
animation,2010
action,2014
drama,2014
action,2008
action,2015
Action,2013
Comedy,2019
crime,2008
crime,2008
Drama,2018
biography,2010
Horror,2019
comedy,2009
Comedy,2018
action,2014
romance,2010
comedy,2009
comedy,2008
comedy,2008
adventure,2011
Action,2019
Adventure,2013
comedy,2011
Drama,2016
comedy,2007
Comedy,2016
animation,2017
comedy,2009
action,2012
action,2017
comedy,2009
action,2017
action,2015
action,2009
animation,2015
action,2014
Action,2013
Action,2016
romance,2012
comedy,2011
adventure,2012
Drama,2016
action,2008
Drama,2019
sci-fi,2015
comedy,2014
action,2012
drama,2014
comedy,2010
biography,2012
Comedy,2016
drama,2014
animation,2012
action,2014
Drama,2013
action,2014
thriller,2007
Horror,2019
comedy,2014
animation,2009
Adventure,2019
action,2014
Action,2018
comedy,2011
action,2007
comedy,2010
crime,2010
action,2008
Adventure,2016
animation,2007
Comedy,2019
thriller,2019
comedy,2017
horror,2015
thriller,2014
drama,2011
thriller,2015
adventure,2014
action,2014
action,2017
thriller,2016
drama,2014
Drama,2013
comedy,2010
animation,2008
action,2007
family,2007
animation,2017
Fantasy,2016
action,2009
Action,2013
action,2017
romance,2012
comedy,2015
action,2015
action,2014
Adventure,2015
horror,2012
action,2010
Action,2019
Action,2018
Action,2013
action,2014
horror,2007
drama,2014
Biography,2013
Comedy,2013
Action,2019
action,2008
Drama,2018
animation,2017
sci-fi,2007
Adventure,2016
action,2014
Animation,2016
Drama,2016
thriller,2007
action,2012
action,2009
comedy,2009
adventure,2014
adventure,2011
comedy,2012
action,2017
Action,2019
Action,2013
action,2008
thriller,2016
Adventure,2018
action,2014
adventure,2009
Action,2013
comedy,2007
Comedy,2013
thriller,2016
thriller,2007
Adventure,2016
drama,2008
adventure,2007
action,2012
Adventure,2013
thriller,2009
comedy,2011
thriller,2010
sci-fi,2009
crime,2007
Comedy,2019
drama,2007
thriller,2019
romance,2007
Drama,2016
comedy,2011
action,2012
sci-fi,2011
action,2008
drama,2008
thriller,2016
comedy,2015
adventure,2008
comedy,2011
horror,2017
Drama,2019
comedy,2014
Comedy,2016
comedy,2015
Drama,2016
Drama,2016
thriller,2019
horror,2007
Drama,2018
Action,2018
Comedy,2018
action,2014
animation,2017
adventure,2007
sci-fi,2013
Comedy,2013
Fantasy,2019
comedy,2008
comedy,2012
romance,2010
action,2014
animation,2008
Action,2016
adventure,2014
action,2007
Drama,2013
animation,2011
drama,2009
romance,2016
drama,2009
Comedy,2013
action,2015
comedy,2015
comedy,2010
Action,2016
Action,2013
adventure,2017
thriller,2016
action,2007
horror,2008
action,2010
comedy,2010
romance,2010
action,2010
Horror,2018
sci-fi,2008
action,2014
comedy,2017
crime,2010
comedy,2010
comedy,2009
comedy,2015
adventure,2010
action,2007
comedy,2015
comedy,2008
Adventure,2019
action,2010
Drama,2013
Romance,2019
Drama,2013
animation,2015
thriller,2019
action,2009
thriller,2019
Adventure,2018
horror,2017
thriller,2012
Action,2013
comedy,2009
Action,2013
Fantasy,2013
romance,2007
horror,2010
action,2014
comedy,2008
animation,2017
animation,2017
thriller,2009
action,2008
action,2017
sci-fi,2017
action,2012
horror,2011
action,2009
Action,2016
Drama,2019
sci-fi,2011
crime,2008
thriller,2009
drama,2008
Comedy,2019
sci-fi,2007
thriller,2015
Biography,2013
action,2014
biography,2008
action,2010
adventure,2007
comedy,2008
thriller,2017
Action,2018
action,2010
horror,2008
comedy,2015
Comedy,2018
comedy,2014
biography,2009
romance,2007
animation,2008
horror,2007
drama,2014
Drama,2019
Action,2019
Fantasy,2018
action,2008
comedy,2015
Action,2016
Fantasy,2018
comedy,2008
comedy,2014
Drama,2016
action,2010
action,2014
comedy,2009
comedy,2010
Comedy,2016
adventure,2012
crime,2011
action,2012
Comedy,2013
horror,2008
Comedy,2016
thriller,2016
drama,2014
action,2014
action,2014
drama,2017
action,2014
action,2017
Drama,2016
Animation,2018
thriller,2016
drama,2008
Action,2016
action,2012
musical,2007
drama,2007
Adventure,2016
Action,2018
comedy,2010
family,2007
drama,2015
Comedy,2018
horror,2009
biography,2011
adventure,2014
Adventure,2016
animation,2010
Action,2018
Drama,2013
comedy,2008
drama,2017
Action,2013
thriller,2018
Drama,2013
thriller,2012
romance,2016
Drama,2016
comedy,2011
horror,2014
drama,2014
comedy,2014
animation,2012
Action,2018
action,2014
drama,2015
animation,2008
Drama,2018
Action,2016
Action,2013
action,2008
comedy,2010
Adventure,2019
Comedy,2016
comedy,2009
animation,2015
animation,2012
action,2011
action,2015
Action,2013
adventure,2014
adventure,2014
sci-fi,2013
comedy,2008
comedy,2007
comedy,2008
Action,2019
romance,2008
comedy,2011
thriller,2016
Comedy,2019
Action,2018
comedy,2015
sci-fi,2017
action,2010
thriller,2018
action,2012
comedy,2010
action,2015
action,2008
comedy,2009
Comedy,2018
comedy,2012
Comedy,2018
fantasy,2007
comedy,2009
action,2009
action,2009
Comedy,2016
Action,2013
Drama,2013
horror,2010
Drama,2019
biography,2008
horror,2015
drama,2017
biography,2011
animation,2007
Comedy,2016
Action,2016
adventure,2008
Horror,2016
Drama,2019
adventure,2008
Animation,2016
musical,2007
action,2015
adventure,2014
crime,2017
action,2008
drama,2015
Adventure,2013
Action,2018
adventure,2010
sci-fi,2014
crime,2007
comedy,2009
action,2009
thriller,2008
action,2010
comedy,2010
comedy,2008
Drama,2013
romance,2007
Drama,2013
Drama,2016
comedy,2008
Comedy,2018
comedy,2010
horror,2009
comedy,2010
drama,2010
comedy,2011
Action,2013
action,2010
crime,2007
action,2009
family,2015
Adventure,2019
fantasy,2009
thriller,2016
Action,2013
horror,2009
comedy,2009
action,2017
action,2010
action,2008
romance,2012
thriller,2009
action,2008
animation,2009
comedy,2014
thriller,2016
drama,2017
crime,2012
comedy,2011
animation,2010
animation,2010
comedy,2012
thriller,2019
Adventure,2016
action,2008
sci-fi,2015
horror,2007
action,2011
comedy,2010
Action,2013
action,2009
action,2014
sci-fi,2017
animation,2010
thriller,2019
Romance,2018
family,2011
action,2015
Action,2013
sci-fi,2015
Comedy,2018
drama,2017
action,2012
action,2008
Adventure,2019
action,2014
animation,2009
action,2014
thriller,2007
drama,2017
comedy,2007
crime,2009
Action,2013
adventure,2010
action,2008
Comedy,2016
thriller,2018
Biography,2013
Action,2013
thriller,2016
romance,2007
comedy,2017
Action,2019
Horror,2013
Action,2016
Drama,2019
Action,2018
action,2010
comedy,2017
action,2015
comedy,2007
Adventure,2019
horror,2007
Action,2018
Adventure,2016
comedy,2010
Drama,2016
comedy,2009
comedy,2010
Comedy,2016
adventure,2012
sci-fi,2008
action,2008
action,2012
thriller,2018
action,2017
Animation,2018
animation,2011
drama,2015
action,2011
Adventure,2019
Action,2013
comedy,2012
Drama,2016
Action,2013
Action,2013
sci-fi,2017
horror,2008
action,2014
action,2012
comedy,2009
comedy,2010
animation,2010
Action,2016
Action,2019
Comedy,2018
action,2014
Adventure,2019
romance,2017
crime,2010
action,2010
animation,2012
crime,2008
action,2017
comedy,2015
comedy,2008
action,2008
Musical,2016
drama,2012
action,2007
Action,2013
fantasy,2011
biography,2009
horror,2012
action,2014
horror,2008
comedy,2010
action,2012
action,2010
family,2015
thriller,2018
animation,2017
comedy,2007
Comedy,2018
animation,2009
Adventure,2016
horror,2009
sci-fi,2011
Action,2013
Action,2013
Action,2013
comedy,2014
action,2010
Comedy,2016
animation,2017
comedy,2008
crime,2010
sci-fi,2018
biography,2009
romance,2009
Drama,2013
animation,2017
horror,2009
action,2010
romance,2007
action,2009
comedy,2011
adventure,2010
animation,2012
comedy,2017
Drama,2013
drama,2015
comedy,2012
comedy,2008
action,2008
Adventure,2013
Biography,2019
Adventure,2013
action,2008
animation,2012
Action,2018
fantasy,2008
sci-fi,2015
romance,2016
comedy,2008
action,2007
animation,2009
action,2014
Action,2018
drama,2014
comedy,2011
fantasy,2007
animation,2008
Biography,2019
crime,2012
drama,2014
sci-fi,2013
action,2017
drama,2008
thriller,2011
comedy,2008
comedy,2009
biography,2009
thriller,2008
action,2012
horror,2017
animation,2011
Comedy,2019
drama,2014
Adventure,2013
Drama,2016
comedy,2015
action,2017
romance,2009
comedy,2007
horror,2019
Comedy,2016
romance,2011
Musical,2018
action,2008
Adventure,2016
romance,2007
Drama,2018
comedy,2009
comedy,2008
Drama,2013
action,2010
adventure,2012
sci-fi,2008
adventure,2014
horror,2014
action,2008
biography,2008
action,2009
Action,2018
comedy,2017
drama,2010
action,2008
Drama,2018
romance,2014
action,2014
animation,2007
biography,2011
action,2009
action,2014
comedy,2009
Drama,2018
adventure,2014
action,2014
Action,2013
Action,2019
Action,2019
Adventure,2013
fantasy,2017
action,2009
action,2011
horror,2007
Adventure,2016
comedy,2011
action,2010
romance,2015
crime,2012
action,2007
comedy,2010
comedy,2012
comedy,2017
sci-fi,2018
Adventure,2016
action,2011
drama,2007
adventure,2014
action,2011
comedy,2010
comedy,2012
adventure,2010
animation,2012
action,2016
crime,2011
action,2010
Crime,2018
action,2010
family,2008
Comedy,2018
Action,2013
Adventure,2016
adventure,2008
romance,2012
drama,2007
comedy,2008
action,2011
animation,2007
Action,2013
animation,2008
romance,2016
comedy,2009
animation,2017
comedy,2009
animation,2010
comedy,2008
animation,2015
Action,2019
sci-fi,2017
action,2017
action,2011
action,2009
sci-fi,2017
comedy,2010
drama,2017
action,2008
action,2010
Drama,2018
action,2011
family,2011
Drama,2016
animation,2007
comedy,2008
thriller,2011
action,2012
biography,2014
action,2010
action,2008
comedy,2010
drama,2014
comedy,2011
fantasy,2011
thriller,2009
Adventure,2015
action,2011
action,2011
comedy,2017
comedy,2008
Drama,2019
Comedy,2019
Comedy,2016
comedy,2012
biography,2011
sci-fi,2011
adventure,2009
animation,2017
Action,2016
action,2017
comedy,2011
musical,2010
animation,2009
comedy,2011
Crime,2018
crime,2017
animation,2011
Comedy,2019
animation,2009
Comedy,2013
comedy,2011
action,2010
adventure,2014
action,2008
comedy,2010
Drama,2016
Action,2019
Comedy,2016
action,2012
Action,2013
Comedy,2018
adventure,2008
drama,2007
comedy,2011
horror,2007
action,2007
drama,2014
Fantasy,2019
crime,2009
comedy,2010
Drama,2015
Action,2018
comedy,2009
sci-fi,2017
action,2011
Horror,2019
Adventure,2018
Comedy,2018
adventure,2008
family,2007
biography,2014
adventure,2011
action,2009
comedy,2010
comedy,2008
Drama,2016
Drama,2019
Drama,2018
Adventure,2016
Comedy,2019
crime,2015
horror,2011
comedy,2011
drama,2015
Action,2013
animation,2009
Adventure,2018
thriller,2015
crime,2008
action,2009
comedy,2010
comedy,2009
Comedy,2019
comedy,2015
Drama,2019
comedy,2015
action,2010
drama,2017
crime,2014
thriller,2017
Comedy,2016
thriller,2009
comedy,2009
comedy,2015
adventure,2015
action,2017
drama,2014
action,2015
action,2012
action,2012
comedy,2017
comedy,2009
Adventure,2018
fantasy,2009
crime,2015
comedy,2010
action,2010
Action,2016
action,2015
drama,2011
Adventure,2018
action,2009
action,2017
Comedy,2016
comedy,2012
horror,2011
animation,2011
romance,2010
thriller,2019
thriller,2011
animation,2011
comedy,2008
Crime,2018
action,2015
drama,2007
drama,2015
Drama,2016
biography,2011
romance,2008
crime,2008
Action,2019
comedy,2010
drama,2014
Comedy,2016
Action,2013
romance,2010
action,2011
comedy,2008
action,2012
action,2015
thriller,2010
Romance,2019
Drama,2016
action,2011
action,2010
comedy,2010
Comedy,2018
comedy,2010
horror,2015
action,2010
animation,2007
action,2008
thriller,2007
fantasy,2011
crime,2009
comedy,2012
horror,2011
Action,2018
animation,2011
adventure,2009
adventure,2009
sci-fi,2017
action,2009
adventure,2012
crime,2011
Action,2015
Adventure,2016
sci-fi,2017
Adventure,2019
Horror,2016
Action,2019
romance,2011
adventure,2011
action,2011
comedy,2010
action,2008
action,2009
comedy,2011
comedy,2011
Action,2019
Drama,2018
comedy,2008
romance,2011
comedy,2008
action,2011
action,2009
fantasy,2011
thriller,2014
Drama,2016
Action,2013
thriller,2017
Action,2016
Action,2013
Adventure,2016
comedy,2011
action,2009
Drama,2019
comedy,2008
animation,2011
Drama,2018
horror,2017
adventure,2007
drama,2014
action,2011
action,2015
biography,2008
action,2010
Adventure,2019
animation,2009
drama,2017
Action,2019
comedy,2017
Drama,2016
Adventure,2016
thriller,2016
animation,2011
Comedy,2016
Action,2013
sci-fi,2016
drama,2017
action,2012
drama,2015
Action,2018
horror,2015
comedy,2011
adventure,2011
romance,2017
drama,2017
Sport,2013
Romance,2018
Comedy,2016
action,2011
Drama,2019
sci-fi,2009
Drama,2016
adventure,2009
Drama,2018
action,2011
drama,2017
action,2012
Drama,2019
sci-fi,2015
action,2008
fantasy,2010
crime,2017
comedy,2010
horror,2011
Adventure,2016
adventure,2011
thriller,2008
drama,2015
Horror,2018
horror,2010
thriller,2007
Adventure,2018
Adventure,2016
action,2017
thriller,2018
drama,2009
biography,2014
Adventure,2018
comedy,2009
Action,2019
drama,2016
action,2010
animation,2017
sci-fi,2007
adventure,2011
comedy,2012
sci-fi,2015
romance,2016
adventure,2009
adventure,2009
crime,2008
comedy,2010
Action,2019
Drama,2016
action,2011
animation,2008
Drama,2016
action,2010
Action,2019
crime,2010
Adventure,2013
drama,2017
action,2011
comedy,2017
comedy,2017
Comedy,2016
comedy,2012
Drama,2013
adventure,2009
Drama,2018
drama,2007
fantasy,2007
action,2007
thriller,2018
drama,2017
drama,2015
adventure,2008
Action,2019
thriller,2018
action,2009
drama,2017
comedy,2011
comedy,2011
drama,2017
Drama,2016
comedy,2009
thriller,2018
action,2010
drama,2015
comedy,2011
action,2008
Comedy,2016
Drama,2016
drama,2015
comedy,2015
action,2010
horror,2010
comedy,2009
comedy,2008
horror,2008
drama,2015
Horror,2019
Comedy,2016
drama,2015
action,2012
action,2011
drama,2012
comedy,2008
comedy,2009
animation,2008
thriller,2019
action,2012
comedy,2011
action,2009
Action,2013
comedy,2017
adventure,2017
action,2011
Comedy,2018
adventure,2008
comedy,2015
horror,2010
action,2011
Crime,2018
drama,2015
comedy,2012
thriller,2018
animation,2007
action,2009
action,2010
Crime,2018
comedy,2012
action,2015
Drama,2019
drama,2017
Drama,2016
action,2008
Biography,2013
adventure,2009
biography,2010
fantasy,2015
drama,2011
Action,2013
thriller,2018
comedy,2017
biography,2008
Drama,2019
Action,2018
action,2011
thriller,2018
drama,2017
comedy,2009
horror,2011
Adventure,2019
Comedy,2016
comedy,2011
action,2012
comedy,2008
Comedy,2016
Action,2016
comedy,2015
thriller,2019
comedy,2009
Comedy,2016
Drama,2013
comedy,2011
Action,2018
action,2012
adventure,2009
action,2007
action,2011
musical,2009
action,2008
animation,2011
Adventure,2019
Action,2018
horror,2017
Drama,2018
Romance,2018
comedy,2008
musical,2007
thriller,2016
Drama,2019
Drama,2016
biography,2009
drama,2014
animation,2011
romance,2010
adventure,2011
romance,2012
animation,2009
horror,2014
comedy,2009
Action,2013
crime,2011
Comedy,2019
Adventure,2016
action,2017
thriller,2011
comedy,2007
Adventure,2018
Comedy,2016
drama,2015
action,2010
Biography,2019
romance,2011
adventure,2011
Comedy,2019
action,2015
thriller,2018
drama,2011
Drama,2019
Drama,2018
action,2017
action,2017
Drama,2019
Biography,2013
fantasy,2014
drama,2017
drama,2014
Action,2019
sci-fi,2007
crime,2017
sci-fi,2017
action,2011
drama,2010
Adventure,2019
Comedy,2019
adventure,2009
horror,2007
Comedy,2016
drama,2017
sci-fi,2015
adventure,2008
biography,2010
Drama,2016
drama,2008
Biography,2019
Drama,2019
thriller,2010
drama,2017
Drama,2018
fantasy,2011
Drama,2019
comedy,2009
action,2009
comedy,2009
Drama,2019
comedy,2011
thriller,2015
comedy,2015
comedy,2011
Drama,2016
biography,2008
animation,2011
Drama,2019
thriller,2016
action,2011
horror,2017
Drama,2019
adventure,2008
adventure,2017
thriller,2011
action,2011
action,2009
action,2011
comedy,2010
comedy,2009
Action,2019
sci-fi,2019
drama,2011
comedy,2008
comedy,2017
Drama,2018
biography,2011
Comedy,2019
action,2008
romance,2015
action,2017
comedy,2018
comedy,2008
sci-fi,2019
action,2011
adventure,2011
drama,2016
Comedy,2018
comedy,2014
Adventure,2019
biography,2008
comedy,2015
drama,2015
Biography,2019
thriller,2015
action,2009
comedy,2010
Drama,2018
action,2010
crime,2017
action,2017
Drama,2019
Drama,2019
action,2008
Comedy,2018
sci-fi,2017
drama,2017
comedy,2010
action,2017
animation,2011
thriller,2011
thriller,2018
Drama,2013
Action,2013
animation,2017
sci-fi,2017
comedy,2016
Drama,2018
animation,2015
Crime,2016
sci-fi,2019
drama,2015
Adventure,2019
Adventure,2018
drama,2015
romance,2016
Drama,2016
comedy,2011
drama,2017
drama,2015
Drama,2013
comedy,2016
drama,2011
Drama,2016
Romance,2019
Drama,2018
Drama,2019
Drama,2019
Drama,2019
Drama,2019
Drama,2019
Drama,2019
